Model,CV_Accuracy_Mean,CV_Precision_Mean,CV_Recall_Mean,CV_F1_Mean
Logistic Regression,0.8304421768707483,0.8463203463203464,0.7743083003952569,0.8070623175274338
KNN,0.8097789115646258,0.8227345858251768,0.7561264822134388,0.7853935224666933
Decision Tree,0.7435374149659864,0.7349667647379318,0.683399209486166,0.7077828236031891
Random Forest,0.8055272108843538,0.8224025974025974,0.7379446640316204,0.7756378260662227
